,Title,Comments,DateTime,Score,Year
0,My neighbor has a Black Lives matter sign in her front yard. Some crazy lady parks in the middle of the street and starts screaming â€œWhite Lives Matterâ€ for half an hour. Had to put the hose on her.,571,2020-10-19 20:30:14,15863,2020
1,"Armed counter protesters show up and explain media bias. Why are Confederates not asked why they show up armed, but we are?",499,2020-07-02 14:00:40,7767,2020
2,Still relevant - this was posted on Twitter 7/29/2020,200,2021-01-15 10:36:09,7441,2021
3,Itâ€™s never too late,85,2020-09-23 17:29:52,7055,2020
4,This is the one,129,2020-08-03 12:01:37,6133,2020
5,Help spread this,143,2020-06-26 11:50:11,5679,2020
6,This dude started a racist group on fb then once everyone posted something racist he screenshot it and sent it to their employers ğŸ˜‚ğŸ˜‚ğŸ˜‚,196,2020-06-27 18:52:52,5634,2020
7,This is sad BLM,186,2020-09-09 18:15:03,5486,2020
8,Our new banner (in a VERY conservative town),120,2020-09-20 18:44:42,5154,2020
9,Sad that this even has to be done.,98,2020-06-30 16:26:59,4972,2020
10,This is why people march,226,2020-08-27 13:36:34,4926,2020
11,A GOOD POINT,126,2020-07-06 08:32:33,4883,2020
12,Hereâ€™s how you do it!,133,2020-09-14 19:21:14,4808,2020
13,"He is right, unfortunately.",46,2020-10-27 14:01:10,4589,2020
14,"Two black men have been found hanging in trees in the past two weeks. Their names were Robert Fuller and Malcolm Harsch. This is the country we live in. This is not ""way back in our history"". This is news.",337,2020-06-14 15:45:58,4570,2020
15,"""Whites ONLY"" signs were up for decades + segregation but soon as we started saying ""Black Lives Matter""...",81,2020-10-19 01:19:46,4424,2020
16,"Cue the intro to Rick Ross' ""Tears of Joy""",90,2020-09-24 16:07:54,4408,2020
17,Sit your dumbass down,70,2020-09-07 16:53:23,4349,2020
18,Arrest the killers of Breonna Taylor,15,2020-12-26 15:02:37,4328,2020
19,Suddenly Iâ€™m a huge fan of the Tampa Bay Rays,48,2020-07-25 01:32:34,4327,2020
