,Title,Comments,Score
0,My neighbor has a Black Lives matter sign in her front yard. Some crazy lady parks in the middle of the street and starts screaming â€œWhite Lives Matterâ€ for half an hour. Had to put the hose on her.,571,15858
1,"Armed counter protesters show up and explain media bias. Why are Confederates not asked why they show up armed, but we are?",499,7760
2,Still relevant - this was posted on Twitter 7/29/2020,200,7430
3,Itâ€™s never too late,85,7058
4,This is the one,129,6135
5,Help spread this,143,5675
6,This dude started a racist group on fb then once everyone posted something racist he screenshot it and sent it to their employers ğŸ˜‚ğŸ˜‚ğŸ˜‚,196,5634
7,This is sad BLM,186,5476
8,Our new banner (in a VERY conservative town),120,5148
9,Sad that this even has to be done.,98,4967
